<?xml version='1.0' encoding='utf-8'?>
<project xmlns="http://www.plcopen.org/xml/tc6_0201" xmlns:xsd="http://www.w3.org/2001/XMLSchema" xmlns:xhtml="http://www.w3.org/1999/xhtml" xmlns:ns1="http://www.plcopen.org/xml/tc6.xsd">
  <fileHeader companyName="Unknown" productName="Unnamed" productVersion="1" creationDateTime="2024-02-19T12:43:29"/>
  <contentHeader name="Unnamed" modificationDateTime="2024-02-19T12:50:05">
    <coordinateInfo>
      <fbd>
        <scaling x="10" y="10"/>
      </fbd>
      <ld>
        <scaling x="10" y="10"/>
      </ld>
      <sfc>
        <scaling x="10" y="10"/>
      </sfc>
    </coordinateInfo>
  </contentHeader>
  <types>
    <dataTypes/>
    <pous>
      <pou name="program0" pouType="program">
        <interface>
          <localVars>
            <variable name="SW1" address="%IX0.3">
              <type>
                <BOOL/>
              </type>
            </variable>
            <variable name="SW2" address="%IX0.4">
              <type>
                <BOOL/>
              </type>
            </variable>
            <variable name="CR1" address="%QX2.0">
              <type>
                <BOOL/>
              </type>
            </variable>
            <variable name="CR2" address="%QX2.1">
              <type>
                <BOOL/>
              </type>
            </variable>
            <variable name="CR3" address="%QX0.0">
              <type>
                <BOOL/>
              </type>
            </variable>
          </localVars>
        </interface>
        <body>
          <LD>
            <leftPowerRail localId="1" width="20" height="240">
              <position x="170" y="50"/>
              <connectionPointOut formalParameter="">
                <relPosition x="20" y="20"/>
              </connectionPointOut>
              <connectionPointOut formalParameter="">
                <relPosition x="20" y="90"/>
              </connectionPointOut>
              <connectionPointOut formalParameter="">
                <relPosition x="20" y="150"/>
              </connectionPointOut>
              <connectionPointOut formalParameter="">
                <relPosition x="20" y="220"/>
              </connectionPointOut>
            </leftPowerRail>
            <contact localId="2" negated="false" width="21" height="20">
              <position x="258" y="60"/>
              <connectionPointIn>
                <relPosition x="0" y="10"/>
                <connection refLocalId="1">
                  <position x="258" y="70"/>
                  <position x="190" y="70"/>
                </connection>
              </connectionPointIn>
              <connectionPointOut>
                <relPosition x="21" y="10"/>
              </connectionPointOut>
              <variable>SW1</variable>
            </contact>
            <coil localId="3" negated="false" width="21" height="20">
              <position x="360" y="60"/>
              <connectionPointIn>
                <relPosition x="0" y="10"/>
                <connection refLocalId="2">
                  <position x="360" y="70"/>
                  <position x="279" y="70"/>
                </connection>
              </connectionPointIn>
              <connectionPointOut>
                <relPosition x="21" y="10"/>
              </connectionPointOut>
              <variable>CR1</variable>
            </coil>
            <rightPowerRail localId="4" width="10" height="40">
              <position x="440" y="50"/>
              <connectionPointIn>
                <relPosition x="0" y="20"/>
                <connection refLocalId="3">
                  <position x="440" y="70"/>
                  <position x="381" y="70"/>
                </connection>
              </connectionPointIn>
            </rightPowerRail>
            <contact localId="5" negated="false" width="21" height="20">
              <position x="258" y="130"/>
              <connectionPointIn>
                <relPosition x="0" y="10"/>
                <connection refLocalId="1">
                  <position x="258" y="140"/>
                  <position x="190" y="140"/>
                </connection>
              </connectionPointIn>
              <connectionPointOut>
                <relPosition x="21" y="10"/>
              </connectionPointOut>
              <variable>SW2</variable>
            </contact>
            <coil localId="6" negated="false" width="21" height="20">
              <position x="358" y="130"/>
              <connectionPointIn>
                <relPosition x="0" y="10"/>
                <connection refLocalId="5">
                  <position x="358" y="140"/>
                  <position x="279" y="140"/>
                </connection>
              </connectionPointIn>
              <connectionPointOut>
                <relPosition x="21" y="10"/>
              </connectionPointOut>
              <variable>CR2</variable>
            </coil>
            <rightPowerRail localId="7" width="10" height="40">
              <position x="440" y="120"/>
              <connectionPointIn>
                <relPosition x="0" y="20"/>
                <connection refLocalId="6">
                  <position x="440" y="140"/>
                  <position x="379" y="140"/>
                </connection>
              </connectionPointIn>
            </rightPowerRail>
            <contact localId="8" negated="false" width="21" height="20">
              <position x="258" y="260"/>
              <connectionPointIn>
                <relPosition x="0" y="10"/>
                <connection refLocalId="1">
                  <position x="258" y="270"/>
                  <position x="190" y="270"/>
                </connection>
              </connectionPointIn>
              <connectionPointOut>
                <relPosition x="21" y="10"/>
              </connectionPointOut>
              <variable>CR3</variable>
            </contact>
            <contact localId="9" negated="false" width="21" height="20">
              <position x="258" y="190"/>
              <connectionPointIn>
                <relPosition x="0" y="10"/>
                <connection refLocalId="1">
                  <position x="258" y="200"/>
                  <position x="190" y="200"/>
                </connection>
              </connectionPointIn>
              <connectionPointOut>
                <relPosition x="21" y="10"/>
              </connectionPointOut>
              <variable>CR1</variable>
            </contact>
            <contact localId="10" negated="true" width="21" height="20">
              <position x="318" y="190"/>
              <connectionPointIn>
                <relPosition x="0" y="10"/>
                <connection refLocalId="9">
                  <position x="318" y="200"/>
                  <position x="279" y="200"/>
                </connection>
                <connection refLocalId="8">
                  <position x="318" y="200"/>
                  <position x="298" y="200"/>
                  <position x="298" y="270"/>
                  <position x="279" y="270"/>
                </connection>
              </connectionPointIn>
              <connectionPointOut>
                <relPosition x="21" y="10"/>
              </connectionPointOut>
              <variable>CR2</variable>
            </contact>
            <rightPowerRail localId="12" width="10" height="40">
              <position x="440" y="180"/>
              <connectionPointIn>
                <relPosition x="0" y="20"/>
                <connection refLocalId="13">
                  <position x="440" y="200"/>
                  <position x="389" y="200"/>
                </connection>
              </connectionPointIn>
            </rightPowerRail>
            <coil localId="13" negated="false" width="21" height="20">
              <position x="368" y="190"/>
              <connectionPointIn>
                <relPosition x="0" y="10"/>
                <connection refLocalId="10">
                  <position x="368" y="200"/>
                  <position x="339" y="200"/>
                </connection>
              </connectionPointIn>
              <connectionPointOut>
                <relPosition x="21" y="10"/>
              </connectionPointOut>
              <variable>CR3</variable>
            </coil>
          </LD>
        </body>
      </pou>
    </pous>
  </types>
  <instances>
    <configurations>
      <configuration name="Config0">
        <resource name="Res0">
          <task name="task0" priority="0" interval="T#20ms">
            <pouInstance name="instance0" typeName="program0"/>
          </task>
        </resource>
      </configuration>
    </configurations>
  </instances>
</project>
